ORDER_ID,AMOUNT,PROFIT,PROFITABLE_FLAG
B-25601,1275,-1148,not profitable
B-25601,66,-12,not profitable
B-25601,8,-2,not profitable
B-25601,80,-56,not profitable
B-25602,168,-111,not profitable
B-25602,424,-272,not profitable
B-25602,2617,1151,profitable
B-25602,561,212,profitable
B-25602,119,-5,not profitable
B-25603,1355,-60,not profitable
B-25603,24,-30,not profitable
B-25603,193,-166,not profitable
B-25603,180,5,profitable
B-25603,116,16,profitable
B-25603,107,36,profitable
B-25603,12,1,profitable
B-25603,38,18,profitable
B-25604,65,17,profitable
B-25604,157,5,profitable
B-25605,75,0,profitable
B-25606,87,4,profitable
B-25607,50,15,profitable
B-25608,1364,864,profitable
B-25608,476,0,profitable
B-25608,257,23,profitable
B-25608,856,385,profitable
B-25609,485,29,profitable
B-25609,25,-5,not profitable
B-25610,1076,-38,not profitable
B-25610,107,-54,not profitable
B-25610,68,-55,not profitable
B-25610,781,-594,not profitable
B-25610,43,0,profitable
B-25610,30,-5,not profitable
B-25611,160,-59,not profitable
B-25612,259,-55,not profitable
B-25613,1603,0,profitable
B-25614,494,54,profitable
B-25614,98,-12,not profitable
B-25615,68,20,profitable
B-25616,42,12,profitable
B-25616,116,-56,not profitable
B-25616,22,-2,not profitable
B-25616,14,-2,not profitable
B-25617,305,-270,not profitable
B-25618,362,127,profitable
B-25618,12,0,profitable
B-25619,353,90,profitable
B-25620,193,46,profitable
B-25621,233,-10,not profitable
B-25621,228,63,profitable
B-25621,333,-15,not profitable
B-25622,534,0,profitable
B-25623,53,1,profitable
B-25623,158,69,profitable
B-25623,149,-87,not profitable
B-25623,105,20,profitable
B-25624,26,12,profitable
B-25625,97,29,profitable
B-25625,59,30,profitable
B-25625,635,-349,not profitable
B-25626,46,-14,not profitable
B-25626,1103,-276,not profitable
B-25627,55,-39,not profitable
B-25628,45,13,profitable
B-25628,24,-9,not profitable
B-25628,35,-8,not profitable
B-25629,1560,421,profitable
B-25630,133,12,profitable
B-25630,114,-39,not profitable
B-25630,143,-129,not profitable
B-25630,40,-7,not profitable
B-25630,34,-22,not profitable
B-25630,42,-26,not profitable
B-25631,89,-89,not profitable
B-25632,19,-2,not profitable
B-25633,249,-130,not profitable
B-25633,711,-8,not profitable
B-25633,496,-79,not profitable
B-25634,389,-83,not profitable
B-25635,40,16,profitable
B-25635,23,2,profitable
B-25635,382,30,profitable
B-25636,637,113,profitable
B-25637,117,14,profitable
B-25638,182,-11,not profitable
B-25638,880,97,profitable
B-25638,154,39,profitable
B-25638,816,-96,not profitable
B-25639,1629,-153,not profitable
B-25640,68,-62,not profitable
B-25640,314,-239,not profitable
B-25640,122,-47,not profitable
B-25641,22,-6,not profitable
B-25642,434,26,profitable
B-25643,1061,-36,not profitable
B-25643,50,-44,not profitable
B-25643,37,-23,not profitable
B-25643,263,-63,not profitable
B-25643,36,-7,not profitable
B-25644,76,-92,not profitable
B-25645,273,-87,not profitable
B-25645,86,0,profitable
B-25645,133,-42,not profitable
B-25645,183,-66,not profitable
B-25646,20,-8,not profitable
B-25647,42,-6,not profitable
B-25648,100,-23,not profitable
B-25648,30,13,profitable
B-25648,55,-26,not profitable
B-25648,130,-41,not profitable
B-25649,27,-25,not profitable
B-25650,245,-78,not profitable
B-25650,211,-105,not profitable
B-25650,31,-2,not profitable
B-25650,28,-26,not profitable
B-25650,512,-225,not profitable
B-25650,925,447,profitable
B-25650,238,20,profitable
B-25650,351,-47,not profitable
B-25650,269,111,profitable
B-25651,200,-60,not profitable
B-25651,44,-8,not profitable
B-25651,7,0,profitable
B-25651,11,-4,not profitable
B-25651,16,-10,not profitable
B-25651,172,-103,not profitable
B-25651,49,3,profitable
B-25651,823,-18,not profitable
B-25651,23,4,profitable
B-25651,457,-41,not profitable
B-25652,24,-21,not profitable
B-25652,25,-2,not profitable
B-25652,174,-70,not profitable
B-25652,206,-206,not profitable
B-25652,21,-13,not profitable
B-25652,34,-6,not profitable
B-25652,9,-6,not profitable
B-25653,1279,-640,not profitable
B-25653,28,-3,not profitable
B-25653,427,-50,not profitable
B-25653,168,-10,not profitable
B-25653,1327,318,profitable
B-25653,195,-117,not profitable
B-25653,115,25,profitable
B-25653,668,-31,not profitable
B-25653,227,102,profitable
B-25654,34,12,profitable
B-25654,229,-23,not profitable
B-25654,54,-3,not profitable
B-25654,269,-86,not profitable
B-25654,122,-21,not profitable
B-25654,105,46,profitable
B-25654,450,-90,not profitable
B-25654,121,-17,not profitable
B-25655,44,-26,not profitable
B-25655,7,-4,not profitable
B-25655,396,-31,not profitable
B-25655,97,-62,not profitable
B-25655,110,-68,not profitable
B-25655,312,-312,not profitable
B-25655,9,-6,not profitable
B-25655,6,-3,not profitable
B-25655,74,23,profitable
B-25656,534,0,profitable
B-25656,30,-5,not profitable
B-25656,61,-23,not profitable
B-25656,6,3,profitable
B-25656,24,-1,not profitable
B-25656,56,18,profitable
B-25656,406,126,profitable
B-25656,624,37,profitable
B-25656,101,18,profitable
B-25656,1389,680,profitable
B-25656,651,169,profitable
B-25656,13,-1,not profitable
B-25657,1021,-48,not profitable
B-25657,32,-22,not profitable
B-25657,332,-43,not profitable
B-25657,288,-180,not profitable
B-25658,27,9,profitable
B-25659,148,72,profitable
B-25660,245,-78,not profitable
B-25661,19,-15,not profitable
B-25661,224,-81,not profitable
B-25661,58,-42,not profitable
B-25661,145,-104,not profitable
B-25661,55,-33,not profitable
B-25661,7,-1,not profitable
B-25662,24,-2,not profitable
B-25662,86,-21,not profitable
B-25662,385,-77,not profitable
B-25663,294,138,profitable
B-25664,444,-200,not profitable
B-25664,785,52,profitable
B-25664,258,-27,not profitable
B-25664,83,-48,not profitable
B-25665,166,-113,not profitable
B-25666,934,-916,not profitable
B-25667,11,-2,not profitable
B-25667,41,6,profitable
B-25667,344,-34,not profitable
B-25667,1030,206,profitable
B-25667,516,69,profitable
B-25668,123,17,profitable
B-25669,610,-66,not profitable
B-25670,74,29,profitable
B-25670,24,1,profitable
B-25670,14,2,profitable
B-25670,656,-36,not profitable
B-25671,832,0,profitable
B-25672,27,-15,not profitable
B-25673,143,-124,not profitable
B-25673,44,-17,not profitable
B-25673,45,-2,not profitable
B-25673,16,-1,not profitable
B-25673,37,-5,not profitable
B-25674,17,-12,not profitable
B-25675,929,-93,not profitable
B-25676,342,-103,not profitable
B-25676,1263,-56,not profitable
B-25676,674,-187,not profitable
B-25676,32,6,profitable
B-25676,79,36,profitable
B-25677,20,-2,not profitable
B-25678,64,-7,not profitable
B-25678,7,-3,not profitable
B-25678,327,-39,not profitable
B-25678,27,-25,not profitable
B-25679,76,-50,not profitable
B-25680,73,-25,not profitable
B-25681,68,-27,not profitable
B-25681,523,204,profitable
B-25681,44,-3,not profitable
B-25681,243,-14,not profitable
B-25681,1625,-77,not profitable
B-25681,1096,-658,not profitable
B-25682,545,-73,not profitable
B-25683,433,26,profitable
B-25683,245,-3,not profitable
B-25683,155,56,profitable
B-25683,148,52,profitable
B-25683,86,-55,not profitable
B-25684,134,42,profitable
B-25685,51,7,profitable
B-25685,529,137,profitable
B-25685,264,-30,not profitable
B-25685,45,-2,not profitable
B-25686,381,-13,not profitable
B-25686,332,-503,not profitable
B-25686,1829,-56,not profitable
B-25687,17,6,profitable
B-25687,357,139,profitable
B-25687,51,21,profitable
B-25687,387,-213,not profitable
B-25687,14,-1,not profitable
B-25688,352,-345,not profitable
B-25689,469,-459,not profitable
B-25689,97,17,profitable
B-25689,149,36,profitable
B-25690,31,10,profitable
B-25691,714,56,profitable
B-25691,75,-25,not profitable
B-25691,17,-9,not profitable
B-25692,141,28,profitable
B-25693,76,-72,not profitable
B-25693,632,-316,not profitable
B-25693,32,-16,not profitable
B-25693,68,-30,not profitable
B-25693,82,-39,not profitable
B-25693,72,-49,not profitable
B-25693,13,-13,not profitable
B-25694,167,43,profitable
B-25695,171,14,profitable
B-25696,117,-6,not profitable
B-25696,116,-4,not profitable
B-25696,887,80,profitable
B-25696,275,-275,not profitable
B-25696,44,7,profitable
B-25696,168,-9,not profitable
B-25697,114,8,profitable
B-25697,1300,-16,not profitable
B-25697,4,-3,not profitable
B-25697,73,-7,not profitable
B-25697,67,-42,not profitable
B-25697,322,-193,not profitable
B-25697,115,-39,not profitable
B-25698,87,-83,not profitable
B-25698,27,-6,not profitable
B-25698,207,-153,not profitable
B-25698,516,-392,not profitable
B-25698,7,-2,not profitable
B-25698,65,-16,not profitable
B-25699,20,-22,not profitable
B-25699,49,-31,not profitable
B-25699,34,-13,not profitable
B-25699,21,-5,not profitable
B-25700,129,-75,not profitable
B-25700,44,-32,not profitable
B-25700,7,-3,not profitable
B-25701,10,-8,not profitable
B-25701,33,-29,not profitable
B-25701,98,-45,not profitable
B-25701,33,-12,not profitable
B-25702,75,0,profitable
B-25702,424,-17,not profitable
B-25702,31,-3,not profitable
B-25702,941,-203,not profitable
B-25702,306,-147,not profitable
B-25703,42,-23,not profitable
B-25703,17,-3,not profitable
B-25703,32,-5,not profitable
B-25703,231,-190,not profitable
B-25703,22,-15,not profitable
B-25703,97,-45,not profitable
B-25703,47,-27,not profitable
B-25703,186,-141,not profitable
B-25704,126,-63,not profitable
B-25704,102,0,profitable
B-25705,46,0,profitable
B-25706,31,-11,not profitable
B-25707,8,-6,not profitable
B-25708,191,13,profitable
B-25708,709,-100,not profitable
B-25708,81,-51,not profitable
B-25708,32,-8,not profitable
B-25709,33,-12,not profitable
B-25709,41,-6,not profitable
B-25710,216,-38,not profitable
B-25710,616,-69,not profitable
B-25710,10,-1,not profitable
B-25710,25,0,profitable
B-25710,53,-18,not profitable
B-25710,13,-8,not profitable
B-25711,100,-58,not profitable
B-25712,193,-275,not profitable
B-25713,158,-63,not profitable
B-25714,11,-5,not profitable
B-25714,340,20,profitable
B-25715,416,137,profitable
B-25716,58,0,profitable
B-25717,561,212,profitable
B-25717,138,-3,not profitable
B-25717,90,17,profitable
B-25717,55,-33,not profitable
B-25718,371,115,profitable
B-25718,460,31,profitable
B-25719,29,10,profitable
B-25720,30,-35,not profitable
B-25721,29,-18,not profitable
B-25721,191,51,profitable
B-25721,149,-40,not profitable
B-25722,48,-8,not profitable
B-25723,26,-24,not profitable
B-25723,16,-12,not profitable
B-25723,12,-7,not profitable
B-25723,76,-54,not profitable
B-25724,168,-51,not profitable
B-25725,23,-5,not profitable
B-25725,26,-5,not profitable
B-25725,144,-7,not profitable
B-25726,490,-128,not profitable
B-25727,57,-48,not profitable
B-25727,327,114,profitable
B-25728,1055,264,profitable
B-25728,771,-424,not profitable
B-25728,322,-113,not profitable
B-25729,1549,-439,not profitable
B-25730,1145,-706,not profitable
B-25730,473,42,profitable
B-25730,96,22,profitable
B-25730,18,8,profitable
B-25730,187,30,profitable
B-25730,83,-81,not profitable
B-25731,131,-154,not profitable
B-25732,16,-5,not profitable
B-25733,43,-43,not profitable
B-25733,30,-10,not profitable
B-25733,23,-6,not profitable
B-25734,108,-19,not profitable
B-25735,12,-2,not profitable
B-25735,7,-1,not profitable
B-25735,15,-7,not profitable
B-25736,31,-7,not profitable
B-25737,187,-15,not profitable
B-25738,70,-14,not profitable
B-25738,72,-6,not profitable
B-25738,1069,0,profitable
B-25738,148,-91,not profitable
B-25739,133,-56,not profitable
B-25740,40,-37,not profitable
B-25740,7,0,profitable
B-25740,58,-8,not profitable
B-25741,482,-6,not profitable
B-25742,11,-8,not profitable
B-25743,143,-124,not profitable
B-25743,9,-5,not profitable
B-25743,503,-56,not profitable
B-25743,74,-51,not profitable
B-25743,56,0,profitable
B-25744,373,-254,not profitable
B-25745,44,-8,not profitable
B-25745,296,-225,not profitable
B-25745,670,15,profitable
B-25745,132,-79,not profitable
B-25746,87,16,profitable
B-25747,877,395,profitable
B-25748,141,10,profitable
B-25748,224,58,profitable
B-25748,8,-1,not profitable
B-25748,47,-21,not profitable
B-25749,1052,-82,not profitable
B-25750,212,-24,not profitable
B-25750,42,-15,not profitable
B-25750,208,-25,not profitable
B-25750,22,-12,not profitable
B-25750,539,-146,not profitable
B-25750,78,-6,not profitable
B-25750,20,-18,not profitable
B-25750,19,-1,not profitable
B-25750,73,-31,not profitable
B-25751,10,-8,not profitable
B-25751,14,-3,not profitable
B-25751,68,-56,not profitable
B-25751,106,0,profitable
B-25751,43,-5,not profitable
B-25751,43,21,profitable
B-25751,534,5,profitable
B-25751,32,7,profitable
B-25751,65,-4,not profitable
B-25751,221,-15,not profitable
B-25752,1361,197,profitable
B-25752,761,266,profitable
B-25752,76,27,profitable
B-25752,91,15,profitable
B-25752,8,-2,not profitable
B-25752,735,-235,not profitable
B-25752,33,-27,not profitable
B-25753,62,-56,not profitable
B-25753,27,-20,not profitable
B-25753,65,-52,not profitable
B-25753,47,-114,not profitable
B-25753,341,-85,not profitable
B-25753,107,31,profitable
B-25753,154,22,profitable
B-25753,620,82,profitable
B-25753,77,-43,not profitable
B-25754,72,-46,not profitable
B-25754,41,-14,not profitable
B-25754,30,-23,not profitable
B-25754,93,-65,not profitable
B-25754,19,0,profitable
B-25754,9,-1,not profitable
B-25754,319,-312,not profitable
B-25754,262,-215,not profitable
B-25755,37,-53,not profitable
B-25755,257,-3,not profitable
B-25755,80,-19,not profitable
B-25755,321,-315,not profitable
B-25755,47,-3,not profitable
B-25755,593,213,profitable
B-25755,134,-34,not profitable
B-25755,1709,564,profitable
B-25755,27,4,profitable
B-25756,465,-33,not profitable
B-25756,643,-45,not profitable
B-25756,204,-276,not profitable
B-25756,729,-492,not profitable
B-25756,29,-24,not profitable
B-25757,17,-13,not profitable
B-25757,34,-11,not profitable
B-25757,98,9,profitable
B-25757,3151,-35,not profitable
B-25757,53,15,profitable
B-25757,165,30,profitable
B-25757,211,19,profitable
B-25757,106,15,profitable
B-25757,14,5,profitable
B-25757,17,7,profitable
B-25757,46,14,profitable
B-25758,8,-2,not profitable
B-25759,20,-9,not profitable
B-25760,322,-193,not profitable
B-25761,2188,1050,profitable
B-25761,328,-15,not profitable
B-25761,418,70,profitable
B-25761,40,0,profitable
B-25761,102,-90,not profitable
B-25761,263,-31,not profitable
B-25762,1316,527,profitable
B-25762,27,4,profitable
B-25762,98,-5,not profitable
B-25763,58,-52,not profitable
B-25764,119,43,profitable
B-25764,765,-153,not profitable
B-25764,26,0,profitable
B-25764,24,-24,not profitable
B-25765,139,14,profitable
B-25766,220,-19,not profitable
B-25767,299,-28,not profitable
B-25767,9,-9,not profitable
B-25767,74,-59,not profitable
B-25767,29,-3,not profitable
B-25767,48,-22,not profitable
B-25768,1582,-443,not profitable
B-25769,355,-4,not profitable
B-25770,375,180,profitable
B-25770,299,113,profitable
B-25770,287,-280,not profitable
B-25770,110,35,profitable
B-25771,148,59,profitable
B-25772,1183,106,profitable
B-25773,248,-70,not profitable
B-25773,85,-9,not profitable
B-25773,24,-14,not profitable
B-25773,209,-21,not profitable
B-25773,224,-143,not profitable
B-25774,38,-6,not profitable
B-25775,50,-17,not profitable
B-25776,47,-20,not profitable
B-25777,61,-25,not profitable
B-25777,69,-67,not profitable
B-25777,59,-46,not profitable
B-25777,117,17,profitable
B-25777,1076,-38,not profitable
B-25778,1506,-266,not profitable
B-25778,109,-6,not profitable
B-25778,933,166,profitable
B-25778,724,247,profitable
B-25779,1361,-980,not profitable
B-25780,137,-41,not profitable
B-25781,60,-49,not profitable
B-25781,30,-25,not profitable
B-25781,767,-353,not profitable
B-25781,45,-28,not profitable
B-25781,25,-1,not profitable
B-25781,584,-444,not profitable
B-25782,335,-22,not profitable
B-25783,25,-11,not profitable
B-25783,30,-6,not profitable
B-25783,33,-10,not profitable
B-25783,21,-17,not profitable
B-25783,26,2,profitable
B-25784,15,4,profitable
B-25785,595,292,profitable
B-25785,45,0,profitable
B-25785,192,-146,not profitable
B-25785,26,-25,not profitable
B-25786,1854,433,profitable
B-25786,623,-192,not profitable
B-25786,44,-34,not profitable
B-25786,17,-11,not profitable
B-25787,556,-209,not profitable
B-25787,40,-12,not profitable
B-25787,229,-41,not profitable
B-25787,140,-58,not profitable
B-25788,12,3,profitable
B-25789,30,0,profitable
B-25789,313,-13,not profitable
B-25789,67,-86,not profitable
B-25790,42,-3,not profitable
B-25791,253,-63,not profitable
B-25791,565,66,profitable
B-25791,175,77,profitable
B-25792,74,-25,not profitable
B-25793,40,-33,not profitable
B-25793,63,-24,not profitable
B-25793,60,-12,not profitable
B-25793,257,-252,not profitable
B-25793,24,-1,not profitable
B-25793,18,1,profitable
B-25793,1402,109,profitable
B-25794,176,37,profitable
B-25795,276,-21,not profitable
B-25796,37,-6,not profitable
B-25796,28,1,profitable
B-25796,239,-162,not profitable
B-25796,78,-64,not profitable
B-25796,632,-316,not profitable
B-25796,559,-19,not profitable
B-25796,148,0,profitable
B-25797,976,293,profitable
B-25797,148,-101,not profitable
B-25797,413,-314,not profitable
B-25797,89,-4,not profitable
B-25797,1630,-802,not profitable
B-25797,31,1,profitable
B-25798,379,63,profitable
B-25798,448,148,profitable
B-25798,2830,-1981,not profitable
B-25798,47,-3,not profitable
B-25798,38,-13,not profitable
B-25798,61,-50,not profitable
B-25799,205,-119,not profitable
B-25799,47,-27,not profitable
B-25799,45,-15,not profitable
B-25799,70,-64,not profitable
B-25800,122,-66,not profitable
B-25800,21,-6,not profitable
B-25800,45,12,profitable
B-25801,64,6,profitable
B-25801,49,-31,not profitable
B-25801,21,-10,not profitable
B-25801,15,-2,not profitable
B-25802,27,-7,not profitable
B-25802,633,-633,not profitable
B-25802,13,-9,not profitable
B-25802,23,-3,not profitable
B-25802,95,5,profitable
B-25803,106,12,profitable
B-25803,269,91,profitable
B-25803,536,91,profitable
B-25803,137,5,profitable
B-25803,757,371,profitable
B-25803,511,194,profitable
B-25803,185,48,profitable
B-25803,765,8,profitable
B-25804,156,36,profitable
B-25804,321,26,profitable
B-25805,112,15,profitable
B-25806,632,-114,not profitable
B-25807,16,6,profitable
B-25808,63,17,profitable
B-25808,146,-63,not profitable
B-25808,59,21,profitable
B-25808,210,50,profitable
B-25809,154,54,profitable
B-25809,53,24,profitable
B-25810,26,10,profitable
B-25810,1120,199,profitable
B-25810,45,6,profitable
B-25810,307,74,profitable
B-25810,92,42,profitable
B-25810,29,8,profitable
B-25811,126,52,profitable
B-25812,259,47,profitable
B-25813,911,202,profitable
B-25814,118,35,profitable
B-25814,462,169,profitable
B-25815,35,14,profitable
B-25816,391,113,profitable
B-25817,743,89,profitable
B-25818,75,28,profitable
B-25818,36,0,profitable
B-25818,32,11,profitable
B-25818,94,20,profitable
B-25818,28,14,profitable
B-25819,417,49,profitable
B-25820,119,1,profitable
B-25821,60,21,profitable
B-25821,17,0,profitable
B-25821,125,0,profitable
B-25822,34,13,profitable
B-25823,2103,322,profitable
B-25823,104,2,profitable
B-25823,59,6,profitable
B-25823,103,50,profitable
B-25824,101,38,profitable
B-25825,911,355,profitable
B-25825,115,25,profitable
B-25825,140,6,profitable
B-25826,637,261,profitable
B-25827,156,21,profitable
B-25828,537,107,profitable
B-25828,15,2,profitable
B-25828,128,-3,not profitable
B-25828,222,35,profitable
B-25829,345,38,profitable
B-25830,41,11,profitable
B-25830,54,1,profitable
B-25830,71,0,profitable
B-25830,93,15,profitable
B-25830,1063,64,profitable
B-25830,1954,782,profitable
B-25831,693,254,profitable
B-25832,504,116,profitable
B-25833,64,27,profitable
B-25833,36,4,profitable
B-25833,45,16,profitable
B-25834,16,5,profitable
B-25835,52,11,profitable
B-25835,27,2,profitable
B-25835,155,26,profitable
B-25836,1298,65,profitable
B-25837,263,50,profitable
B-25838,70,26,profitable
B-25838,81,19,profitable
B-25838,955,305,profitable
B-25838,161,40,profitable
B-25839,1250,486,profitable
B-25840,246,61,profitable
B-25840,298,74,profitable
B-25840,262,64,profitable
B-25841,22,11,profitable
B-25842,1543,370,profitable
B-25843,50,7,profitable
B-25843,214,30,profitable
B-25843,255,74,profitable
B-25843,18,6,profitable
B-25843,45,0,profitable
B-25844,86,8,profitable
B-25845,274,-7,not profitable
B-25845,82,33,profitable
B-25845,757,371,profitable
B-25845,132,54,profitable
B-25846,94,7,profitable
B-25847,643,225,profitable
B-25847,264,71,profitable
B-25848,147,21,profitable
B-25848,16,8,profitable
B-25848,648,50,profitable
B-25849,336,123,profitable
B-25850,45,1,profitable
B-25850,93,-1,not profitable
B-25850,52,18,profitable
B-25850,148,24,profitable
B-25850,24,1,profitable
B-25850,513,215,profitable
B-25850,117,36,profitable
B-25850,916,192,profitable
B-25850,485,199,profitable
B-25851,10,2,profitable
B-25851,300,42,profitable
B-25851,57,27,profitable
B-25851,103,46,profitable
B-25851,336,71,profitable
B-25851,53,24,profitable
B-25851,90,29,profitable
B-25851,62,1,profitable
B-25851,135,54,profitable
B-25851,237,47,profitable
B-25852,320,144,profitable
B-25852,24,1,profitable
B-25852,45,12,profitable
B-25852,97,17,profitable
B-25852,50,16,profitable
B-25852,869,67,profitable
B-25852,105,33,profitable
B-25853,39,16,profitable
B-25853,30,14,profitable
B-25853,26,11,profitable
B-25853,19,6,profitable
B-25853,579,139,profitable
B-25853,2093,721,profitable
B-25853,95,11,profitable
B-25853,128,4,profitable
B-25853,199,48,profitable
B-25854,149,48,profitable
B-25854,436,131,profitable
B-25854,76,19,profitable
B-25854,88,16,profitable
B-25854,342,154,profitable
B-25854,40,16,profitable
B-25854,53,-2,not profitable
B-25854,381,144,profitable
B-25855,829,19,profitable
B-25855,442,31,profitable
B-25855,90,17,profitable
B-25855,98,12,profitable
B-25855,61,30,profitable
B-25855,1027,441,profitable
B-25855,1319,567,profitable
B-25855,197,73,profitable
B-25855,550,242,profitable
B-25856,74,29,profitable
B-25856,10,2,profitable
B-25856,689,90,profitable
B-25856,257,3,profitable
B-25856,48,6,profitable
B-25857,324,39,profitable
B-25857,598,166,profitable
B-25857,227,59,profitable
B-25858,22,8,profitable
B-25858,29,11,profitable
B-25858,27,5,profitable
B-25858,82,13,profitable
B-25858,294,109,profitable
B-25858,16,0,profitable
B-25858,245,30,profitable
B-25858,223,27,profitable
B-25858,2457,665,profitable
B-25859,724,253,profitable
B-25860,112,24,profitable
B-25861,128,4,profitable
B-25861,50,3,profitable
B-25861,62,6,profitable
B-25861,44,14,profitable
B-25861,56,18,profitable
B-25861,216,-83,not profitable
B-25862,2061,701,profitable
B-25862,121,41,profitable
B-25862,80,3,profitable
B-25863,189,87,profitable
B-25864,100,6,profitable
B-25864,17,5,profitable
B-25864,22,8,profitable
B-25864,27,9,profitable
B-25865,85,-1,not profitable
B-25866,51,14,profitable
B-25867,31,14,profitable
B-25867,240,12,profitable
B-25867,163,26,profitable
B-25868,170,73,profitable
B-25868,62,-1,not profitable
B-25868,1118,206,profitable
B-25869,86,9,profitable
B-25870,10,4,profitable
B-25870,845,84,profitable
B-25870,57,7,profitable
B-25870,473,113,profitable
B-25871,118,25,profitable
B-25872,57,27,profitable
B-25873,66,12,profitable
B-25873,367,73,profitable
B-25873,7,1,profitable
B-25873,1275,357,profitable
B-25873,42,12,profitable
B-25874,124,54,profitable
B-25875,248,8,profitable
B-25876,282,14,profitable
B-25877,1137,568,profitable
B-25877,269,33,profitable
B-25877,24,8,profitable
B-25878,165,46,profitable
B-25878,46,0,profitable
B-25878,84,41,profitable
B-25878,140,15,profitable
B-25878,741,267,profitable
B-25878,719,303,profitable
B-25879,57,28,profitable
B-25880,108,37,profitable
B-25881,37,3,profitable
B-25881,26,9,profitable
B-25881,1351,111,profitable
B-25881,2244,247,profitable
B-25881,36,7,profitable
B-25881,2115,23,profitable
B-25882,121,19,profitable
B-25883,146,42,profitable
B-25883,105,26,profitable
B-25883,127,29,profitable
B-25883,16,-15,not profitable
B-25883,10,-2,not profitable
B-25884,24,2,profitable
B-25885,94,27,profitable
B-25885,394,146,profitable
B-25885,734,248,profitable
B-25885,349,0,profitable
B-25886,89,17,profitable
B-25886,502,84,profitable
B-25886,63,1,profitable
B-25886,107,37,profitable
B-25887,83,6,profitable
B-25887,2125,234,profitable
B-25888,18,2,profitable
B-25888,223,4,profitable
B-25888,646,213,profitable
B-25889,31,10,profitable
B-25889,119,43,profitable
B-25889,114,11,profitable
B-25890,465,207,profitable
B-25891,25,2,profitable
B-25891,97,36,profitable
B-25891,121,41,profitable
B-25892,139,30,profitable
B-25893,355,114,profitable
B-25893,61,11,profitable
B-25893,149,15,profitable
B-25893,688,103,profitable
B-25893,372,59,profitable
B-25893,223,62,profitable
B-25893,83,12,profitable
B-25894,1246,62,profitable
B-25895,388,93,profitable
B-25896,31,11,profitable
B-25896,42,7,profitable
B-25896,190,68,profitable
B-25896,103,36,profitable
B-25896,287,66,profitable
B-25896,23,4,profitable
B-25896,79,-2,not profitable
B-25897,43,5,profitable
B-25897,33,10,profitable
B-25897,24,11,profitable
B-25897,734,213,profitable
B-25898,33,13,profitable
B-25898,499,33,profitable
B-25898,147,73,profitable
B-25898,53,5,profitable
B-25898,171,2,profitable
B-25898,915,-99,not profitable
B-25898,191,93,profitable
B-25898,857,274,profitable
B-25899,22,9,profitable
B-25899,28,6,profitable
B-25899,43,17,profitable
B-25899,846,9,profitable
B-25900,15,2,profitable
B-25900,140,68,profitable
B-25900,210,62,profitable
B-25901,158,38,profitable
B-25901,90,27,profitable
B-25901,159,2,profitable
B-25901,61,28,profitable
B-25902,79,6,profitable
B-25902,268,6,profitable
B-25902,802,120,profitable
B-25902,1700,85,profitable
B-25902,154,26,profitable
B-25903,455,77,profitable
B-25903,19,8,profitable
B-25903,25,11,profitable
B-25903,37,17,profitable
B-25903,60,-10,not profitable
B-25903,204,94,profitable
B-25903,74,33,profitable
B-25903,336,57,profitable
B-25904,871,131,profitable
B-25904,83,12,profitable
B-25905,152,50,profitable
B-25906,78,27,profitable
B-25907,30,11,profitable
B-25908,179,25,profitable
B-25909,168,56,profitable
B-25909,108,22,profitable
B-25909,1622,248,profitable
B-25909,323,122,profitable
B-25909,12,2,profitable
B-25910,125,15,profitable
B-25910,685,7,profitable
B-25910,850,289,profitable
B-25910,1622,624,profitable
B-25910,259,47,profitable
B-25910,33,1,profitable
B-25911,40,15,profitable
B-25912,102,11,profitable
B-25913,103,21,profitable
B-25914,460,143,profitable
B-25914,125,22,profitable
B-25915,277,3,profitable
B-25916,80,26,profitable
B-25917,100,12,profitable
B-25918,244,122,profitable
B-25919,28,4,profitable
B-25919,110,12,profitable
B-25919,636,204,profitable
B-25919,1599,37,profitable
B-25919,977,244,profitable
B-25920,100,7,profitable
B-25921,170,19,profitable
B-25921,84,-42,not profitable
B-25921,71,-44,not profitable
B-25922,52,18,profitable
B-25923,226,58,profitable
B-25923,484,28,profitable
B-25923,253,-11,not profitable
B-25923,3873,891,profitable
B-25924,148,54,profitable
B-25925,27,12,profitable
B-25925,314,-41,not profitable
B-25925,1228,14,profitable
B-25926,57,6,profitable
B-25927,200,7,profitable
B-25928,25,10,profitable
B-25928,122,15,profitable
B-25929,1308,536,profitable
B-25929,216,-135,not profitable
B-25929,154,-85,not profitable
B-25930,40,13,profitable
B-25930,351,-94,not profitable
B-25930,595,119,profitable
B-25930,151,29,profitable
B-25930,58,17,profitable
B-25930,202,89,profitable
B-25931,73,-36,not profitable
B-25932,71,-14,not profitable
B-25933,81,-44,not profitable
B-25933,412,-412,not profitable
B-25933,207,-100,not profitable
B-25934,105,33,profitable
B-25935,162,20,profitable
B-25935,150,32,profitable
B-25935,1657,460,profitable
B-25936,61,25,profitable
B-25937,1101,352,profitable
B-25938,61,1,profitable
B-25938,59,25,profitable
B-25939,61,18,profitable
B-25939,136,41,profitable
B-25939,469,33,profitable
B-25940,55,4,profitable
B-25940,13,3,profitable
B-25940,46,0,profitable
B-25941,177,41,profitable
B-25942,646,-23,not profitable
B-25943,48,20,profitable
B-25943,26,7,profitable
B-25943,149,15,profitable
B-25943,1547,340,profitable
B-25943,137,38,profitable
B-25944,169,38,profitable
B-25945,245,10,profitable
B-25945,60,3,profitable
B-25945,63,14,profitable
B-25945,765,-36,not profitable
B-25946,146,7,profitable
B-25947,290,35,profitable
B-25947,207,33,profitable
B-25948,152,23,profitable
B-25949,24,11,profitable
B-25949,140,57,profitable
B-25949,151,9,profitable
B-25950,13,4,profitable
B-25950,54,27,profitable
B-25950,644,167,profitable
B-25950,261,13,profitable
B-25950,1622,95,profitable
B-25950,190,19,profitable
B-25950,158,-29,not profitable
B-25950,136,-33,not profitable
B-25950,133,5,profitable
B-25951,102,13,profitable
B-25951,50,14,profitable
B-25951,111,11,profitable
B-25951,120,23,profitable
B-25951,40,18,profitable
B-25951,250,100,profitable
B-25951,89,29,profitable
B-25951,30,5,profitable
B-25951,248,105,profitable
B-25951,742,198,profitable
B-25952,14,0,profitable
B-25952,87,32,profitable
B-25952,935,114,profitable
B-25952,173,69,profitable
B-25952,352,18,profitable
B-25952,147,48,profitable
B-25952,44,14,profitable
B-25953,22,-8,not profitable
B-25953,188,-193,not profitable
B-25953,81,41,profitable
B-25953,44,2,profitable
B-25953,116,22,profitable
B-25953,67,20,profitable
B-25953,744,119,profitable
B-25953,1218,352,profitable
B-25953,87,36,profitable
B-25954,891,0,profitable
B-25954,146,66,profitable
B-25954,44,10,profitable
B-25954,27,0,profitable
B-25954,48,11,profitable
B-25954,189,60,profitable
B-25954,524,-25,not profitable
B-25954,148,9,profitable
B-25955,1716,309,profitable
B-25955,45,8,profitable
B-25955,39,2,profitable
B-25955,110,20,profitable
B-25955,54,14,profitable
B-25955,954,95,profitable
B-25955,2927,146,profitable
B-25955,294,62,profitable
B-25955,200,13,profitable
B-25956,89,-37,not profitable
B-25956,59,10,profitable
B-25956,33,10,profitable
B-25956,474,56,profitable
B-25956,140,28,profitable
B-25957,147,73,profitable
B-25957,16,2,profitable
B-25957,1157,-13,not profitable
B-25958,105,25,profitable
B-25958,360,32,profitable
B-25959,252,56,profitable
B-25959,681,259,profitable
B-25959,32,2,profitable
B-25959,132,49,profitable
B-25959,637,212,profitable
B-25959,429,17,profitable
B-25959,82,24,profitable
B-25959,23,8,profitable
B-25960,171,-140,not profitable
B-25961,34,-12,not profitable
B-25961,366,84,profitable
B-25961,26,3,profitable
B-25961,446,53,profitable
B-25961,48,16,profitable
B-25961,34,10,profitable
B-25962,260,68,profitable
B-25962,312,62,profitable
B-25962,544,-152,not profitable
B-25963,53,8,profitable
B-25964,199,0,profitable
B-25964,89,6,profitable
B-25964,1270,546,profitable
B-25964,346,108,profitable
B-25965,17,7,profitable
B-25966,510,234,profitable
B-25967,17,2,profitable
B-25967,119,-24,not profitable
B-25967,229,59,profitable
B-25968,811,154,profitable
B-25969,720,43,profitable
B-25969,2452,191,profitable
B-25969,171,17,profitable
B-25970,203,84,profitable
B-25970,742,198,profitable
B-25970,111,9,profitable
B-25970,365,107,profitable
B-25971,244,83,profitable
B-25972,115,47,profitable
B-25973,571,108,profitable
B-25973,398,111,profitable
B-25973,79,39,profitable
B-25973,39,14,profitable
B-25973,4141,1698,profitable
B-25974,662,240,profitable
B-25975,29,2,profitable
B-25976,193,8,profitable
B-25977,27,1,profitable
B-25977,74,29,profitable
B-25977,180,54,profitable
B-25978,1063,175,profitable
B-25978,341,160,profitable
B-25979,560,44,profitable
B-25979,57,27,profitable
B-25979,284,45,profitable
B-25979,12,1,profitable
B-25979,82,27,profitable
B-25980,22,11,profitable
B-25981,42,13,profitable
B-25981,54,12,profitable
B-25981,62,8,profitable
B-25981,245,91,profitable
B-25981,867,251,profitable
B-25981,48,2,profitable
B-25982,13,3,profitable
B-25983,230,5,profitable
B-25983,32,-12,not profitable
B-25983,161,-229,not profitable
B-25983,50,-4,not profitable
B-25983,561,118,profitable
B-25984,304,97,profitable
B-25985,197,20,profitable
B-25985,108,26,profitable
B-25985,32,8,profitable
B-25985,44,11,profitable
B-25986,749,307,profitable
B-25986,71,4,profitable
B-25986,487,-23,not profitable
B-25986,918,22,profitable
B-25987,299,0,profitable
B-25987,88,11,profitable
B-25988,79,24,profitable
B-25989,44,14,profitable
B-25989,10,5,profitable
B-25989,42,15,profitable
B-25989,330,81,profitable
B-25989,338,41,profitable
B-25990,71,32,profitable
B-25991,188,13,profitable
B-25991,90,30,profitable
B-25991,13,5,profitable
B-25992,141,41,profitable
B-25993,44,8,profitable
B-25993,610,208,profitable
B-25993,4363,305,profitable
B-25993,414,199,profitable
B-25993,221,26,profitable
B-25993,201,32,profitable
B-25993,173,86,profitable
B-25994,196,-7,not profitable
B-25995,1314,342,profitable
B-25996,62,6,profitable
B-25996,31,2,profitable
B-25996,217,72,profitable
B-25996,286,140,profitable
B-25996,333,50,profitable
B-25996,47,1,profitable
B-25996,18,4,profitable
B-25997,16,6,profitable
B-25997,231,99,profitable
B-25997,2292,127,profitable
B-25997,48,15,profitable
B-25998,50,-28,not profitable
B-25999,26,-17,not profitable
B-25999,93,-65,not profitable
B-25999,152,-3,not profitable
B-25999,51,-49,not profitable
B-25999,352,74,profitable
B-25999,129,11,profitable
B-25999,223,62,profitable
B-25999,770,323,profitable
B-25999,222,74,profitable
B-25999,215,-30,not profitable
B-25999,109,40,profitable
B-26000,43,9,profitable
B-26000,676,151,profitable
B-26000,597,93,profitable
B-26001,13,0,profitable
B-26001,149,17,profitable
B-26001,8,2,profitable
B-26001,50,9,profitable
B-26002,80,22,profitable
B-26002,276,52,profitable
B-26002,71,19,profitable
B-26002,141,7,profitable
B-26002,113,28,profitable
B-26003,315,-8,not profitable
B-26003,128,47,profitable
B-26003,652,13,profitable
B-26003,114,41,profitable
B-26003,79,16,profitable
B-26003,498,-116,not profitable
B-26003,1745,122,profitable
B-26003,17,2,profitable
B-26004,147,44,profitable
B-26004,162,73,profitable
B-26005,87,10,profitable
B-26006,1301,573,profitable
B-26007,311,72,profitable
B-26008,22,4,profitable
B-26008,206,51,profitable
B-26008,57,24,profitable
B-26008,10,-1,not profitable
B-26009,285,128,profitable
B-26009,195,12,profitable
B-26010,527,26,profitable
B-26010,29,3,profitable
B-26010,85,13,profitable
B-26010,18,2,profitable
B-26010,176,-13,not profitable
B-26010,55,3,profitable
B-26011,93,44,profitable
B-26012,21,8,profitable
B-26013,29,10,profitable
B-26014,406,97,profitable
B-26014,278,39,profitable
B-26015,128,55,profitable
B-26016,74,9,profitable
B-26016,202,4,profitable
B-26016,429,61,profitable
B-26016,134,-13,not profitable
B-26017,78,7,profitable
B-26018,326,107,profitable
B-26018,61,8,profitable
B-26019,585,175,profitable
B-26020,319,102,profitable
B-26021,122,59,profitable
B-26021,49,21,profitable
B-26021,21,-12,not profitable
B-26022,1824,-1303,not profitable
B-26023,1117,447,profitable
B-26023,29,0,profitable
B-26023,66,22,profitable
B-26023,59,21,profitable
B-26024,168,18,profitable
B-26025,155,5,profitable
B-26025,32,1,profitable
B-26025,41,19,profitable
B-26026,255,76,profitable
B-26026,25,2,profitable
B-26027,54,8,profitable
B-26028,77,36,profitable
B-26028,115,0,profitable
B-26028,1272,547,profitable
B-26029,21,10,profitable
B-26030,92,5,profitable
B-26030,11,5,profitable
B-26030,221,35,profitable
B-26030,50,25,profitable
B-26030,89,36,profitable
B-26030,291,93,profitable
B-26031,67,9,profitable
B-26032,47,15,profitable
B-26033,774,170,profitable
B-26033,143,32,profitable
B-26033,111,35,profitable
B-26034,425,183,profitable
B-26035,291,119,profitable
B-26035,520,151,profitable
B-26035,369,15,profitable
B-26036,341,44,profitable
B-26037,171,68,profitable
B-26038,41,19,profitable
B-26038,130,61,profitable
B-26038,52,14,profitable
B-26038,30,6,profitable
B-26039,83,34,profitable
B-26040,38,9,profitable
B-26040,113,24,profitable
B-26040,833,93,profitable
B-26041,176,-28,not profitable
B-26042,36,15,profitable
B-26043,185,48,profitable
B-26043,62,28,profitable
B-26043,79,5,profitable
B-26043,30,12,profitable
B-26043,122,50,profitable
B-26044,28,10,profitable
B-26045,302,75,profitable
B-26045,376,0,profitable
B-26045,179,77,profitable
B-26045,27,5,profitable
B-26046,32,3,profitable
B-26047,55,12,profitable
B-26048,163,81,profitable
B-26048,401,13,profitable
B-26048,1461,202,profitable
B-26048,1104,209,profitable
B-26049,100,28,profitable
B-26050,325,32,profitable
B-26050,169,55,profitable
B-26050,487,143,profitable
B-26050,166,27,profitable
B-26050,79,32,profitable
B-26050,32,6,profitable
B-26050,38,9,profitable
B-26050,284,44,profitable
B-26050,382,92,profitable
B-26051,184,85,profitable
B-26051,676,195,profitable
B-26051,669,74,profitable
B-26051,80,22,profitable
B-26051,216,50,profitable
B-26051,85,24,profitable
B-26051,382,119,profitable
B-26051,490,88,profitable
B-26051,1337,147,profitable
B-26051,600,102,profitable
B-26052,78,28,profitable
B-26052,101,16,profitable
B-26052,145,0,profitable
B-26052,148,23,profitable
B-26052,15,1,profitable
B-26052,25,7,profitable
B-26052,774,170,profitable
B-26053,17,1,profitable
B-26053,246,61,profitable
B-26053,425,208,profitable
B-26053,93,31,profitable
B-26053,594,89,profitable
B-26053,85,2,profitable
B-26053,27,6,profitable
B-26053,120,1,profitable
B-26053,162,55,profitable
B-26054,246,98,profitable
B-26054,88,20,profitable
B-26054,88,19,profitable
B-26054,139,21,profitable
B-26054,139,36,profitable
B-26054,138,11,profitable
B-26054,156,23,profitable
B-26054,559,174,profitable
B-26055,227,48,profitable
B-26055,5729,64,profitable
B-26055,94,27,profitable
B-26055,213,4,profitable
B-26055,250,-12,not profitable
B-26055,43,11,profitable
B-26055,1218,420,profitable
B-26055,671,114,profitable
B-26055,57,7,profitable
B-26056,70,24,profitable
B-26056,47,20,profitable
B-26056,33,9,profitable
B-26056,424,161,profitable
B-26056,391,90,profitable
B-26056,15,6,profitable
B-26056,101,11,profitable
B-26056,31,9,profitable
B-26056,220,40,profitable
B-26056,213,-145,not profitable
B-26056,19,-18,not profitable
B-26056,206,18,profitable
B-26057,736,346,profitable
B-26057,54,8,profitable
B-26057,659,-37,not profitable
B-26057,224,87,profitable
B-26058,212,97,profitable
B-26059,20,6,profitable
B-26060,382,68,profitable
B-26061,508,203,profitable
B-26061,965,-68,not profitable
B-26061,206,12,profitable
B-26061,642,180,profitable
B-26061,109,52,profitable
B-26061,27,8,profitable
B-26062,44,-40,not profitable
B-26062,50,-17,not profitable
B-26062,13,-2,not profitable
B-26063,241,-77,not profitable
B-26064,75,2,profitable
B-26064,61,3,profitable
B-26064,122,38,profitable
B-26064,22,0,profitable
B-26065,146,19,profitable
B-26066,86,22,profitable
B-26067,618,27,profitable
B-26067,53,2,profitable
B-26067,1120,199,profitable
B-26067,1137,-14,not profitable
B-26067,67,2,profitable
B-26068,193,33,profitable
B-26069,55,18,profitable
B-26070,54,12,profitable
B-26070,582,262,profitable
B-26070,75,29,profitable
B-26070,14,7,profitable
B-26071,21,4,profitable
B-26072,313,44,profitable
B-26073,37,17,profitable
B-26073,290,110,profitable
B-26073,122,11,profitable
B-26073,29,9,profitable
B-26073,1514,742,profitable
B-26074,57,21,profitable
B-26075,34,12,profitable
B-26076,91,22,profitable
B-26076,133,46,profitable
B-26076,60,13,profitable
B-26076,19,4,profitable
B-26076,450,190,profitable
B-26077,62,11,profitable
B-26078,17,8,profitable
B-26078,44,20,profitable
B-26078,557,111,profitable
B-26078,137,63,profitable
B-26079,18,3,profitable
B-26080,109,35,profitable
B-26081,359,-338,not profitable
B-26081,93,-84,not profitable
B-26081,169,0,profitable
B-26081,79,33,profitable
B-26081,24,11,profitable
B-26081,637,50,profitable
B-26082,95,5,profitable
B-26083,43,8,profitable
B-26083,145,16,profitable
B-26083,34,3,profitable
B-26083,143,6,profitable
B-26083,45,17,profitable
B-26084,209,-63,not profitable
B-26085,86,22,profitable
B-26085,1487,624,profitable
B-26085,40,17,profitable
B-26085,132,-10,not profitable
B-26086,43,17,profitable
B-26086,762,101,profitable
B-26086,25,2,profitable
B-26087,119,56,profitable
B-26087,46,13,profitable
B-26087,311,40,profitable
B-26087,40,10,profitable
B-26087,180,0,profitable
B-26088,11,5,profitable
B-26089,59,24,profitable
B-26089,27,4,profitable
B-26089,139,14,profitable
B-26090,80,22,profitable
B-26091,158,69,profitable
B-26091,29,10,profitable
B-26091,59,10,profitable
B-26092,97,14,profitable
B-26093,33,-1,not profitable
B-26093,2847,712,profitable
B-26093,852,51,profitable
B-26093,492,187,profitable
B-26093,81,41,profitable
B-26093,49,5,profitable
B-26093,148,25,profitable
B-26094,152,50,profitable
B-26095,6,1,profitable
B-26096,45,9,profitable
B-26096,103,46,profitable
B-26096,140,56,profitable
B-26096,88,11,profitable
B-26096,451,25,profitable
B-26096,264,-26,not profitable
B-26097,97,12,profitable
B-26097,14,5,profitable
B-26097,19,8,profitable
B-26097,39,18,profitable
B-26097,185,-26,not profitable
B-26097,663,-212,not profitable
B-26097,671,-309,not profitable
B-26098,82,8,profitable
B-26098,497,179,profitable
B-26098,96,48,profitable
B-26098,409,86,profitable
B-26098,59,15,profitable
B-26098,46,14,profitable
B-26099,9,3,profitable
B-26099,207,37,profitable
B-26099,835,267,profitable
B-26099,2366,552,profitable
B-26100,828,230,profitable
B-26100,34,10,profitable
B-26100,72,16,profitable
